Name,Role,Joined,Experience,PreviousTeam,Status,Championships,Achievements,Info,ImageURL
Mike McCarthy,Head Coach,2020,25+ years NFL,Green Bay Packers,Active,1,Super Bowl XLV champion; 2 NFC Championships,Veteran head coach who led Green Bay to Super Bowl XLV. Brought a disciplined system to Dallas in 2020.,
Brian Schottenheimer,Offensive Coordinator,2023,20+ years NFL,Los Angeles Rams,Active,0,Multiple playoff OC; Known for power run game,Experienced coordinator known for establishing physical run-first offenses.,
Mike Zimmer,Defensive Coordinator,2023,25+ years NFL,Minnesota Vikings,Active,0,2x NFL Coach of the Year nominee; Built elite Vikings defenses,Highly respected defensive mind returning to coaching after stint as Vikings HC.,
Brian Baldinger,Offensive Line Coach,2014,15+ years NFL,Philadelphia Eagles,Active,0,Developed multiple Pro Bowl linemen,Expert in developing offensive linemen. Key to Cowboys' elite OL units.,
Joe Whitt Jr.,Cornerbacks Coach,2023,15+ years NFL,Green Bay Packers,Active,0,Developed multiple Pro Bowl corners,Renowned DB coach who developed elite secondary talent throughout career.,
John Fassel,Special Teams Coordinator,2020,15+ years NFL,Los Angeles Rams,Active,0,Known for building elite special teams units,Widely considered one of NFL's top special teams coaches.,
Jimmy Johnson,Head Coach,1989,20+ years NFL,Miami Hurricanes,Former,2,2x Super Bowl champion (XXVII-XXVIII); 1990 Coach of the Year,Built the Cowboys dynasty of the 1990s. Drafted Emmitt Smith and drafted/developed the core championship team.,
Barry Switzer,Head Coach,1994,College & NFL,Oklahoma Sooners,Former,1,Super Bowl XXX champion; Only coach to win both college and NFL championships,Won Super Bowl XXX in first full season. Known for keeping the dynasty running after Johnson.,
Dave Campo,Head Coach,2000,15+ years NFL,Dallas Cowboys,Former,0,3 years as HC; Previously Cowboys DC,Long-time Cowboys defensive coordinator who had a difficult 3-year run as head coach.,
Bill Parcells,Head Coach,2003,25+ years NFL,New York Jets,Former,0,2x Super Bowl champion with Giants; Turned around multiple franchises,Hall of Fame coach who stabilized Cowboys organization and drafted Tony Romo.,
Wade Phillips,Head Coach,2007,25+ years NFL,San Diego Chargers,Former,0,Multiple playoff appearances; Known as elite DC,Experienced NFL coach who won division titles but could not break through in playoffs.,
Jason Garrett,Head Coach,2010,15+ years NFL,Dallas Cowboys (OC),Former,0,Multiple division titles; 85-67 record,Long-time Cowboys offensive coordinator who became HC. Known for culture building but playoff struggles.,
Norv Turner,Offensive Coordinator,1991,25+ years NFL,Various NFL Teams,Former,2,Key architect of 1990s Cowboys offense; 2x Super Bowl champion,Brilliant offensive mind who designed the Cowboys' championship offense around Aikman and Irvin.,
Ernie Zampese,Offensive Coordinator,1994,20+ years NFL,Los Angeles Rams,Former,1,Super Bowl XXX champion; Known for West Coast offense,Helped maintain Cowboys offensive excellence through third Super Bowl win.,
Dave Wannstedt,Defensive Coordinator,1989,15+ years NFL,University of Pittsburgh,Former,2,Key architect of Cowboys dominant 1990s defense; 2x Super Bowl champion,Built the Cowboys' physical and aggressive championship defense.,
Tony Wise,Offensive Line Coach,1992,10+ years NFL,Chicago Bears,Former,2,Developed elite OL unit; 2x Super Bowl champion,Coached the legendary Cowboys offensive line including Larry Allen and Nate Newton.,
